Workbook

Sheet Buses
A1: Bus (kWh)
A2: 250
A3: 250
A4: 250
A5: 250
A6: 250
A7: 250
A8: 250
A9: 250

Sheet Chargers
A1: Charger (kWh/min) | B1: Charger (kW) | C1: Scale factor | D1: Max Power (kW)
A2: 45 | B2: 200 | C2: =60/30 -> 2 | D2: =SUM(A2:A9) -> 360
A3: 45 | B3: 200
A4: 45 | B4: 200
A5: 45 | B5: 200
A6: 45 | B6: 200
A7: 45 | B7: 200
A8: 45 | B8: 200
A9: 45 | B9: 200

Sheet Trip time
A1: Time begin (min) | B1: Time finish (min) | C1: Time begin | D1: Time finish
A2: =ROUND(CONVERT(C2,"hr","mn")/30,0) -> 15 | B2: =ROUND(CONVERT(D2,"hr","mn")/30,0) -> 46 | C2: 7.25 | D2: 23
A3: =ROUND(CONVERT(C3,"hr","mn")/30,0) -> 13 | B3: =ROUND(CONVERT(D3,"hr","mn")/30,0) -> 47 | C3: 6.5 | D3: 23.5
A4: =ROUND(CONVERT(C4,"hr","mn")/30,0) -> 12 | B4: =ROUND(CONVERT(D4,"hr","mn")/30,0) -> 38 | C4: 6 | D4: 19
A5: =ROUND(CONVERT(C5,"hr","mn")/30,0) -> 13 | B5: =ROUND(CONVERT(D5,"hr","mn")/30,0) -> 42 | C5: 6.25 | D5: 21
A6: =ROUND(CONVERT(C6,"hr","mn")/30,0) -> 14 | B6: =ROUND(CONVERT(D6,"hr","mn")/30,0) -> 46 | C6: 6.75 | D6: 23
A7: =ROUND(CONVERT(C7,"hr","mn")/30,0) -> 14 | B7: =ROUND(CONVERT(D7,"hr","mn")/30,0) -> 44 | C7: 7 | D7: 22
A8: =ROUND(CONVERT(C8,"hr","mn")/30,0) -> 15 | B8: =ROUND(CONVERT(D8,"hr","mn")/30,0) -> 43 | C8: 7.25 | D8: 21.5
A9: =ROUND(CONVERT(C9,"hr","mn")/30,0) -> 14 | B9: =ROUND(CONVERT(D9,"hr","mn")/30,0) -> 43 | C9: 7 | D9: 21.5

Sheet Energy consumption
A1: Uncertain energy (kWh/km*min) | C1: Uncertain energy (kWh/km) | D1: Nominal value (kWh/km) | E1: Maximum deviation (kWh/km) | F1: Deviation percentage (%) | G1: Gama | H1: Average velocity (km/min) | I1: Maximum deviation (kWh/km*min)
A2: =C2*$H$2 -> 5.538 | C2: =D2+E2*F2*G2 -> 0.923 | D2: 0.923 | E2: 0.093 | F2: 0 | G2: 0 | H2: =(12/60)*30 -> 6 | I2: =E2*$H$2 -> 0.558
A3: =C3*$H$2 -> 5.154 | C3: =D3+E3*F3*G3 -> 0.859 | D3: 0.859 | E3: 0.072 | F3: 0 | G3: 0 | I3: =E3*$H$2 -> 0.432
A4: =C4*$H$2 -> 5.316 | C4: =D4+E4*F4*G4 -> 0.886 | D4: 0.886 | E4: 0.069 | F4: 0 | G4: 0 | I4: =E4*$H$2 -> 0.414
A5: =C5*$H$2 -> 5.28 | C5: =D5+E5*F5*G5 -> 0.88 | D5: 0.88 | E5: 0.129 | F5: 0 | G5: 0 | I5: =E5*$H$2 -> 0.774
A6: =C6*$H$2 -> 5.166 | C6: =D6+E6*F6*G6 -> 0.861 | D6: 0.861 | E6: 0.104 | F6: 0 | G6: 0 | I6: =E6*$H$2 -> 0.624
A7: =C7*$H$2 -> 5.346 | C7: =D7+E7*F7*G7 -> 0.891 | D7: 0.891 | E7: 0.078 | F7: 0 | G7: 0 | I7: =E7*$H$2 -> 0.468
A8: =C8*$H$2 -> 5.538 | C8: =D8+E8*F8*G8 -> 0.923 | D8: 0.923 | E8: 0.093 | F8: 0 | G8: 0 | I8: =E8*$H$2 -> 0.558
A9: =C9*$H$2 -> 5.418 | C9: =D9+E9*F9*G9 -> 0.903 | D9: 0.903 | E9: 0.08 | F9: 0 | G9: 0 | I9: =E9*$H$2 -> 0.48

Sheet Power price
A1: Power | B1: Price | C1: Power [total] | D1: Peak price (€/day) | E1: Ratio
A2: =(C2)/Chargers!C2 -> 100 | B2: =$D$2*E2 -> 1.7125 | C2: =Chargers!B2 -> 200 | D2: =1.7125 -> 1.7125 | E2: =C2/$C$2 -> 1
A3: =$A$2*E3 -> 200 | B3: =$D$2*E3 -> 3.425 | E3: 2
A4: =$A$2*E4 -> 300 | B4: =$D$2*E4 -> 5.1375 | E4: 3
A5: =$A$2*E5 -> 400 | B5: =$D$2*E5 -> 6.85 | E5: 4
A6: =$A$2*E6 -> 500 | B6: =$D$2*E6 -> 8.5625 | E6: 5
A7: =$A$2*E7 -> 600 | B7: =$D$2*E7 -> 10.275 | E7: 6
A8: =$A$2*E8 -> 700 | B8: =$D$2*E8 -> 11.9875 | E8: 7
A9: =$A$2*E9 -> 800 | B9: =$D$2*E9 -> 13.7 | E9: 8

Sheet Prices
A1: Time | B1: Spot Market | C1: Capacity price
A2: 1 | B2: 0.096196376 | C2: 0.0081445287
A3: 2 | B3: 0.096196376 | C3: 0.0081445287
A4: 3 | B4: 0.088765995 | C4: 0.0088474454
A5: 4 | B5: 0.088765995 | C5: 0.0088474454
A6: 5 | B6: 0.084496621 | C6: 0.0097676161
A7: 6 | B7: 0.084496621 | C7: 0.0097676161
A8: 7 | B8: 0.082280218 | C8: 0.010125178
A9: 8 | B9: 0.082280218 | C9: 0.010125178
A10: 9 | B10: 0.080808038 | C10: 0.010300423
A11: 10 | B11: 0.080808038 | C11: 0.010300423
A12: 11 | B12: 0.083833243 | C12: 0.009970765
A13: 12 | B13: 0.083833243 | C13: 0.009970765
... A49: 48 | B49: 0.1015224 | C49: 0.0073129452

Sheet Average prices
A1: Max price | B1: Min price | C1: Max cap | D1: Min cap | E1: Periods | F1: Averages | H1: Deviation
A2: 0.101 | B2: 0.078 | C2: 0.0109 | D2: 0.0074 | E2: [1-8] | F2: =SUM(Prices!B2:B9)/8 -> 0.087934802 | G2: =SUM(Prices!C2:C9)/8 -> 0.0092211919 | H2: =AVEDEV(Prices!B2:B9) -> 0.0045463828 | I2: =AVEDEV(Prices!C2:C9) -> 0.00072520492
A3: 0.11 | B3: 0.073 | C3: 0.011 | D3: 0.0069 | E3: [9-16] | F3: =SUM(Prices!B10:B17)/8 -> 0.089989707 | G3: =SUM(Prices!C10:C17)/8 -> 0.0091802049 | H3: =AVEDEV(Prices!B10:B17) -> 0.0076690668 | I3: =AVEDEV(Prices!C10:C17) -> 0.00095538934
A4: 0.116 | B4: 0.067 | C4: 0.0145 | D4: 0.008 | E4: [17-24] | F4: =SUM(Prices!B18:B25)/8 -> 0.090417759 | G4: =SUM(Prices!C18:C25)/8 -> 0.011715692 | H4: =AVEDEV(Prices!B18:B25) -> 0.010305729 | I4: =AVEDEV(Prices!C18:C25) -> 0.0019718494
A5: 0.077 | B5: 0.065 | C5: 0.0144 | D5: 0.0131 | E5: [25-32] | F5: =SUM(Prices!B26:B33)/8 -> 0.070578692 | G5: =SUM(Prices!C26:C33)/8 -> 0.013773391 | H5: =AVEDEV(Prices!B26:B33) -> 0.0025737193 | I5: =AVEDEV(Prices!C26:C33) -> 2.7400956e-05
A6: 0.124 | B6: 0.058 | C6: 0.015 | D6: 0.008 | E6: [33-40] | F6: =SUM(Prices!B34:B41)/8 -> 0.089200831 | G6: =SUM(Prices!C34:C41)/8 -> 0.011832218 | H6: =AVEDEV(Prices!B34:B41) -> 0.013116553 | I6: =AVEDEV(Prices!C34:C41) -> 0.0020021397
A7: 0.13 | B7: 0.094 | C7: 0.0968 | D7: 0.0047 | E7: [41-48] | F7: =SUM(Prices!B42:B49)/8 -> 0.1139206 | G7: =SUM(Prices!C42:C49)/8 -> 0.0060246844 | H7: =AVEDEV(Prices!B42:B49) -> 0.0074336087 | I7: =AVEDEV(Prices!C42:C49) -> 0.00064413041

Sheet Periods
A1: Period | B1: Begin | C1: End | D1: Len
A2: 1 | B2: 1 | C2: 8 | D2: =C2-B2+1 -> 8
A3: 2 | B3: 9 | C3: 16 | D3: =C3-B3+1 -> 8
A4: 3 | B4: 17 | C4: 24 | D4: =C4-B4+1 -> 8
A5: 4 | B5: 25 | C5: 32 | D5: =C5-B5+1 -> 8
A6: 5 | B6: 33 | C6: 40 | D6: =C6-B6+1 -> 8
A7: 6 | B7: 41 | C7: 48 | D7: =C7-B7+1 -> 8
